10000, 41
20000, 83
30000, 125
40000, 173
50000, 207
60000, 248
70000, 289
80000, 331
90000, 372
100000, 413
110000, 459
120000, 496
130000, 537
140000, 779
150000, 627
160000, 661
170000, 702
180000, 761
190000, 785
200000, 826
210000, 872
220000, 908
230000, 949
240000, 991
250000, 1040
260000, 1074
270000, 1115
280000, 1156
290000, 1197
300000, 1245
310000, 1464
320000, 1321
330000, 1363
340000, 1407
350000, 1447
360000, 2819
370000, 1535
380000, 1575
390000, 1615
400000, 1656
410000, 1693
420000, 1733
430000, 1775
440000, 1817
450000, 1876
460000, 2092
470000, 1950
480000, 1989
490000, 2023
500000, 2064
510000, 2108
520000, 2150
530000, 2188
540000, 2233
550000, 2285
560000, 2328
570000, 2359
580000, 2399
590000, 2435
600000, 2480
610000, 2544
620000, 2650
630000, 2639
640000, 2651
650000, 2683
660000, 2731
670000, 2770
680000, 2812
690000, 2850
700000, 2889
710000, 2965
720000, 2978
730000, 3019
740000, 3057
750000, 3350
760000, 3137
770000, 3184
780000, 3549
790000, 3270
800000, 3312
810000, 3346
820000, 3600
830000, 3431
840000, 3738
850000, 3837
860000, 3557
870000, 3675
880000, 3643
890000, 3692
900000, 3726
910000, 3766
920000, 3829
930000, 3860
940000, 3885
950000, 3928
960000, 3972
970000, 4011
980000, 4132
990000, 4111
1e+06, 4384
10000, 41
20000, 83
30000, 124
40000, 165
50000, 207
60000, 248
70000, 289
80000, 330
90000, 372
100000, 417
110000, 575
120000, 496
130000, 537
140000, 578
150000, 619
160000, 661
170000, 702
180000, 745
190000, 856
200000, 826
210000, 1008
220000, 916
230000, 950
240000, 991
250000, 1035
260000, 1088
270000, 1115
280000, 1156
290000, 1197
300000, 1327
310000, 1290
320000, 1321
330000, 1513
340000, 1403
350000, 1477
360000, 1495
370000, 1589
380000, 1597
390000, 1655
400000, 1665
410000, 1693
420000, 1734
430000, 1775
440000, 1817
450000, 2039
460000, 1899
470000, 2051
480000, 2001
490000, 2031
500000, 2070
510000, 2111
520000, 2333
530000, 2192
540000, 2234
550000, 2278
560000, 2358
570000, 2488
580000, 2414
590000, 2442
600000, 2484
610000, 2525
620000, 2564
630000, 2608
640000, 2668
650000, 5742
660000, 2949
670000, 2771
680000, 2812
690000, 2848
700000, 2890
710000, 2973
720000, 3050
730000, 3242
740000, 3114
750000, 3206
760000, 3142
770000, 3183
780000, 3225
790000, 3576
800000, 3325
810000, 3436
820000, 3392
830000, 3431
840000, 3472
850000, 3535
860000, 3573
870000, 3865
880000, 3887
890000, 3828
900000, 3726
910000, 3765
920000, 3828
930000, 3870
940000, 3884
950000, 3927
960000, 3968
970000, 4041
980000, 4067
990000, 4125
1e+06, 4142
10000, 41
20000, 83
30000, 125
40000, 166
50000, 207
60000, 248
70000, 289
80000, 331
90000, 372
100000, 414
110000, 482
120000, 496
130000, 537
140000, 578
150000, 619
160000, 668
170000, 702
180000, 743
190000, 795
200000, 826
210000, 867
220000, 911
230000, 961
240000, 991
250000, 1033
260000, 1073
270000, 1119
280000, 1164
290000, 1203
300000, 1242
310000, 1280
320000, 1321
330000, 1367
340000, 1408
350000, 1445
360000, 1486
370000, 1529
380000, 1583
390000, 1610
400000, 1656
410000, 1695
420000, 1739
430000, 1781
440000, 1824
450000, 1863
460000, 1904
470000, 1947
480000, 2005
490000, 2029
500000, 2076
510000, 2111
520000, 2152
530000, 2192
540000, 2235
550000, 2275
560000, 2314
570000, 2377
580000, 2394
590000, 2518
600000, 2765
610000, 2526
620000, 2568
630000, 2600
640000, 2642
650000, 3001
660000, 2749
670000, 2873
680000, 2811
690000, 2859
700000, 2900
710000, 2936
720000, 2975
730000, 3163
740000, 3062
750000, 3171
760000, 3145
770000, 3183
780000, 3225
790000, 3266
800000, 3307
810000, 3370
820000, 3390
830000, 3435
840000, 3470
850000, 3514
860000, 3557
870000, 3598
880000, 3663
890000, 3679
900000, 3720
910000, 3761
920000, 3802
930000, 3849
940000, 4209
950000, 3956
960000, 3984
970000, 4016
980000, 4279
990000, 4300
1e+06, 4133
10000, 42
20000, 83
30000, 124
40000, 166
50000, 206
60000, 248
70000, 299
80000, 331
90000, 372
100000, 504
110000, 454
120000, 495
130000, 537
140000, 578
150000, 620
160000, 661
170000, 702
180000, 743
190000, 784
200000, 988
210000, 867
220000, 909
230000, 1015
240000, 999
250000, 1033
260000, 1074
270000, 1120
280000, 1156
290000, 1402
300000, 1239
310000, 1280
320000, 1334
330000, 1370
340000, 1413
350000, 1451
360000, 1521
370000, 1527
380000, 1569
390000, 1613
400000, 1651
410000, 1695
420000, 1736
430000, 1778
440000, 1817
450000, 1865
460000, 1931
470000, 1946
480000, 1987
490000, 2030
500000, 2072
510000, 2114
520000, 2175
530000, 2196
540000, 2237
550000, 2275
560000, 2317
570000, 2372
580000, 2397
590000, 2436
600000, 2502
610000, 2581
620000, 2560
630000, 2601
640000, 2641
650000, 2690
660000, 2737
670000, 2773
680000, 2832
690000, 2860
700000, 3104
710000, 2933
720000, 2978
730000, 3042
740000, 3059
750000, 3117
760000, 3159
770000, 3187
780000, 3226
790000, 3267
800000, 3309
810000, 3347
820000, 3402
830000, 3448
840000, 3498
850000, 3523
860000, 3560
870000, 3602
880000, 3643
890000, 3757
900000, 4243
910000, 3765
920000, 3804
930000, 3846
940000, 3883
950000, 3927
960000, 4097
970000, 4019
980000, 4225
990000, 4236
1e+06, 4137
10000, 42
20000, 83
30000, 124
40000, 166
50000, 207
60000, 309
70000, 289
80000, 330
90000, 372
100000, 414
110000, 454
120000, 496
130000, 537
140000, 578
150000, 626
160000, 661
170000, 702
180000, 748
190000, 784
200000, 826
210000, 1096
220000, 1000
230000, 950
240000, 991
250000, 1032
260000, 1080
270000, 1120
280000, 1156
290000, 1201
300000, 1238
310000, 1285
320000, 1326
330000, 1366
340000, 1404
350000, 1448
360000, 1486
370000, 1527
380000, 1571
390000, 1615
400000, 1656
410000, 1728
420000, 1739
430000, 1781
440000, 1822
450000, 1861
460000, 2145
470000, 2168
480000, 1991
490000, 2034
500000, 2363
510000, 2116
520000, 2156
530000, 2198
540000, 2515
550000, 2432
560000, 2321
570000, 2503
580000, 2406
590000, 2446
600000, 2482
610000, 2518
620000, 2581
630000, 2608
640000, 2647
650000, 2707
660000, 2735
670000, 2765
680000, 2810
690000, 2854
700000, 2895
710000, 2958
720000, 2978
730000, 3099
740000, 3060
750000, 3095
760000, 3142
770000, 3184
780000, 3239
790000, 3286
800000, 3333
810000, 3344
820000, 3390
830000, 3431
840000, 3468
850000, 3522
860000, 3577
870000, 3603
880000, 3648
890000, 3704
900000, 3714
910000, 3767
920000, 3838
930000, 3895
940000, 3894
950000, 3928
960000, 3973
970000, 4165
980000, 4266
990000, 4120
1e+06, 4164
10000, 42
20000, 83
30000, 124
40000, 166
50000, 207
60000, 248
70000, 290
80000, 330
90000, 373
100000, 413
110000, 454
120000, 511
130000, 537
140000, 579
150000, 620
160000, 661
170000, 702
180000, 743
190000, 784
200000, 834
210000, 873
220000, 911
230000, 950
240000, 991
250000, 1239
260000, 1079
270000, 1118
280000, 1156
290000, 1201
300000, 1244
310000, 1283
320000, 1321
330000, 1366
340000, 1403
350000, 1451
360000, 1494
370000, 1559
380000, 1577
390000, 1620
400000, 1660
410000, 1693
420000, 1734
430000, 1775
440000, 1816
450000, 1862
460000, 1899
470000, 1956
480000, 1989
490000, 2033
500000, 2075
510000, 2116
520000, 2157
530000, 2198
540000, 2269
550000, 2276
560000, 2355
570000, 2358
580000, 2394
590000, 2438
600000, 2487
610000, 2523
620000, 2569
630000, 2605
640000, 2857
650000, 2700
660000, 2725
670000, 2771
680000, 2812
690000, 2886
700000, 2906
710000, 2959
720000, 3076
730000, 3021
740000, 3077
750000, 3111
760000, 3143
770000, 3185
780000, 3219
790000, 3266
800000, 3386
810000, 3368
820000, 3390
830000, 3431
840000, 3476
850000, 3513
860000, 3592
870000, 3627
880000, 3636
890000, 3679
900000, 3724
910000, 3762
920000, 3803
930000, 3871
940000, 3885
950000, 3929
960000, 3968
970000, 4009
980000, 4050
990000, 4387
1e+06, 4328
10000, 42
20000, 83
30000, 125
40000, 166
50000, 207
60000, 248
70000, 289
80000, 331
90000, 372
100000, 413
110000, 466
120000, 496
130000, 536
140000, 578
150000, 621
160000, 661
170000, 708
180000, 745
190000, 785
200000, 832
210000, 893
220000, 912
230000, 961
240000, 991
250000, 1032
260000, 1073
270000, 1125
280000, 1165
290000, 1199
300000, 1238
310000, 1280
320000, 1324
330000, 1362
340000, 1425
350000, 1450
360000, 1486
370000, 1528
380000, 1569
390000, 1721
400000, 1652
410000, 1693
420000, 1767
430000, 1775
440000, 1817
450000, 1857
460000, 1899
470000, 1941
480000, 1981
490000, 2023
500000, 2090
510000, 2105
520000, 2149
530000, 2188
540000, 2230
550000, 2353
560000, 2316
570000, 2360
580000, 2400
590000, 2708
600000, 2477
610000, 2671
620000, 2570
630000, 2606
640000, 2646
650000, 2683
660000, 2725
670000, 2865
680000, 2814
690000, 2857
700000, 2889
710000, 2936
720000, 2977
730000, 3019
740000, 3056
750000, 3129
760000, 3143
770000, 3183
780000, 3224
790000, 3266
800000, 3307
810000, 3348
820000, 3405
830000, 3426
840000, 3471
850000, 3514
860000, 3555
870000, 3596
880000, 3640
890000, 3707
900000, 3725
910000, 3762
920000, 4017
930000, 4055
940000, 3890
950000, 3930
960000, 3978
970000, 4011
980000, 4052
990000, 4232
1e+06, 4135
10000, 41
20000, 83
30000, 124
40000, 165
50000, 207
60000, 249
70000, 290
80000, 331
90000, 372
100000, 414
110000, 455
120000, 496
130000, 537
140000, 658
150000, 619
160000, 661
170000, 702
180000, 743
190000, 784
200000, 826
210000, 869
220000, 955
230000, 950
240000, 991
250000, 1037
260000, 1077
270000, 1114
280000, 1156
290000, 1202
300000, 1475
310000, 1280
320000, 1324
330000, 1362
340000, 1404
350000, 1445
360000, 1491
370000, 1532
380000, 1574
390000, 1610
400000, 1652
410000, 1693
420000, 1734
430000, 1775
440000, 1816
450000, 1859
460000, 1899
470000, 1940
480000, 1982
490000, 2023
500000, 2138
510000, 2106
520000, 2147
530000, 2210
540000, 2237
550000, 2278
560000, 2312
570000, 2353
580000, 2394
590000, 2443
600000, 2483
610000, 2530
620000, 2576
630000, 2619
640000, 2664
650000, 2688
660000, 2729
670000, 2765
680000, 2807
690000, 2854
700000, 2907
710000, 2975
720000, 2979
730000, 3019
740000, 3060
750000, 3105
760000, 3145
770000, 3207
780000, 3225
790000, 3266
800000, 3305
810000, 3349
820000, 3410
830000, 3426
840000, 3484
850000, 3530
860000, 3550
870000, 3597
880000, 3637
890000, 3678
900000, 3720
910000, 3775
920000, 3821
930000, 3847
940000, 3896
950000, 3927
960000, 3969
970000, 4238
980000, 4294
990000, 4312
1e+06, 4138
10000, 42
20000, 83
30000, 124
40000, 165
50000, 207
60000, 248
70000, 289
80000, 331
90000, 372
100000, 419
110000, 454
120000, 496
130000, 537
140000, 592
150000, 630
160000, 661
170000, 702
180000, 743
190000, 784
200000, 829
210000, 867
220000, 913
230000, 950
240000, 991
250000, 1086
260000, 1084
270000, 1135
280000, 1307
290000, 1197
300000, 1241
310000, 1280
320000, 1330
330000, 1363
340000, 1403
350000, 1557
360000, 1504
370000, 1527
380000, 1568
390000, 1642
400000, 1704
410000, 1775
420000, 1739
430000, 1807
440000, 1821
450000, 1902
460000, 1906
470000, 1971
480000, 1989
490000, 2031
500000, 2070
510000, 2129
520000, 2152
530000, 2193
540000, 2236
550000, 2291
560000, 2419
570000, 2367
580000, 2394
590000, 2439
600000, 2477
610000, 2525
620000, 2570
630000, 2605
640000, 2962
650000, 2697
660000, 2751
670000, 2778
680000, 2811
690000, 2853
700000, 2892
710000, 2935
720000, 3006
730000, 3038
740000, 3061
750000, 3105
760000, 3149
770000, 3396
780000, 3300
790000, 3270
800000, 3315
810000, 3427
820000, 3465
830000, 3426
840000, 3552
850000, 3564
860000, 3579
870000, 3634
880000, 3639
890000, 3708
900000, 3735
910000, 4002
920000, 3804
930000, 3867
940000, 3886
950000, 3929
960000, 3970
970000, 4008
980000, 4049
990000, 4117
1e+06, 7787
10000, 42
20000, 83
30000, 125
40000, 166
50000, 207
60000, 248
70000, 321
80000, 330
90000, 372
100000, 413
110000, 454
120000, 496
130000, 539
140000, 579
150000, 620
160000, 661
170000, 702
180000, 782
190000, 785
200000, 826
210000, 873
220000, 908
230000, 953
240000, 991
250000, 1033
260000, 1073
270000, 1118
280000, 1163
290000, 1197
300000, 1238
310000, 1433
320000, 1324
330000, 1363
340000, 1403
350000, 1450
360000, 1493
370000, 1541
380000, 1575
390000, 1610
400000, 1651
410000, 1693
420000, 1733
430000, 1778
440000, 1816
450000, 1857
460000, 1901
470000, 1940
480000, 1982
490000, 2243
500000, 2064
510000, 2105
520000, 2152
530000, 2193
540000, 2235
550000, 2356
560000, 2343
570000, 2553
580000, 2533
590000, 2436
600000, 2484
610000, 2547
620000, 2570
630000, 2685
640000, 2652
650000, 2702
660000, 2729
670000, 2773
680000, 2812
690000, 2848
700000, 2894
710000, 2936
720000, 2978
730000, 3022
740000, 3089
750000, 3103
760000, 3137
770000, 3183
780000, 3225
790000, 3262
800000, 3363
810000, 3343
820000, 3402
830000, 3459
840000, 3473
850000, 3741
860000, 3556
870000, 3905
880000, 3675
890000, 3678
900000, 3925
910000, 3765
920000, 3802
930000, 3850
940000, 3908
950000, 3926
960000, 3967
970000, 4011
980000, 4050
990000, 4092
1e+06, 4157
10000, 41
20000, 89
30000, 124
40000, 165
50000, 207
60000, 248
70000, 289
80000, 330
90000, 372
100000, 413
110000, 459
120000, 495
130000, 536
140000, 578
150000, 621
160000, 660
170000, 702
180000, 743
190000, 785
200000, 831
210000, 867
220000, 908
230000, 1021
240000, 996
250000, 1033
260000, 1212
270000, 1115
280000, 1169
290000, 1198
300000, 1238
310000, 1280
320000, 1321
330000, 1369
340000, 1407
350000, 1445
360000, 1486
370000, 1528
380000, 1568
390000, 1610
400000, 1676
410000, 1708
420000, 1749
430000, 1781
440000, 1821
450000, 1863
460000, 1904
470000, 1945
480000, 2032
490000, 2028
500000, 2073
510000, 2121
520000, 2150
530000, 2194
540000, 2234
550000, 2271
560000, 2312
570000, 2353
580000, 2394
590000, 2452
600000, 2484
610000, 2523
620000, 2564
630000, 2679
640000, 2642
650000, 2688
660000, 2730
670000, 3005
680000, 2816
690000, 2881
700000, 3075
710000, 3154
720000, 3111
730000, 3023
740000, 3238
750000, 3105
760000, 3158
770000, 3183
780000, 3224
790000, 3268
800000, 3308
810000, 3351
820000, 3465
830000, 3426
840000, 3471
850000, 3514
860000, 3555
870000, 3602
880000, 3633
890000, 3904
900000, 3934
910000, 3766
920000, 3803
930000, 3844
940000, 3885
950000, 3927
960000, 4002
970000, 4006
980000, 4050
990000, 4089
1e+06, 4133
10000, 42
20000, 83
30000, 124
40000, 165
50000, 207
60000, 248
70000, 290
80000, 337
90000, 372
100000, 413
110000, 459
120000, 496
130000, 537
140000, 578
150000, 619
160000, 661
170000, 708
180000, 743
190000, 785
200000, 833
210000, 867
220000, 911
230000, 950
240000, 991
250000, 1038
260000, 1073
270000, 1115
280000, 1156
290000, 1202
300000, 1244
310000, 1280
320000, 1321
330000, 1378
340000, 1407
350000, 1445
360000, 1491
370000, 1534
380000, 1574
390000, 1610
400000, 1651
410000, 1697
420000, 1734
430000, 1776
440000, 1836
450000, 1861
460000, 1899
470000, 1940
480000, 1981
490000, 2022
500000, 2064
510000, 2106
520000, 2146
530000, 2194
540000, 2240
550000, 2318
560000, 2319
570000, 2361
580000, 2399
590000, 2441
600000, 2476
610000, 2518
620000, 2568
630000, 2608
640000, 2648
650000, 2690
660000, 2725
670000, 2765
680000, 2812
690000, 2853
700000, 2898
710000, 2956
720000, 2977
730000, 3018
740000, 3059
750000, 3106
760000, 3148
770000, 3351
780000, 3244
790000, 3268
800000, 3307
810000, 3350
820000, 3586
830000, 3434
840000, 3475
850000, 3544
860000, 3566
870000, 3601
880000, 3649
890000, 3679
900000, 3739
910000, 3764
920000, 3821
930000, 3849
940000, 3964
950000, 4017
960000, 3973
970000, 4013
980000, 4055
990000, 4129
1e+06, 4387
10000, 42
20000, 83
30000, 125
40000, 177
50000, 206
60000, 248
70000, 364
80000, 330
90000, 372
100000, 413
110000, 460
120000, 496
130000, 538
140000, 585
150000, 620
160000, 660
170000, 708
180000, 743
190000, 784
200000, 826
210000, 868
220000, 913
230000, 949
240000, 991
250000, 1033
260000, 1087
270000, 1130
280000, 1160
290000, 1200
300000, 1241
310000, 1285
320000, 1326
330000, 1362
340000, 1403
350000, 1445
360000, 1486
370000, 1549
380000, 1568
390000, 1617
400000, 1659
410000, 1697
420000, 1739
430000, 1781
440000, 1822
450000, 1860
460000, 1899
470000, 1942
480000, 1982
490000, 2023
500000, 2064
510000, 2106
520000, 2149
530000, 2193
540000, 2234
550000, 2278
560000, 2344
570000, 2359
580000, 2400
590000, 2440
600000, 2477
610000, 2521
620000, 2559
630000, 2605
640000, 2649
650000, 2704
660000, 2748
670000, 2766
680000, 2812
690000, 2853
700000, 2901
710000, 2937
720000, 2975
730000, 3049
740000, 3060
750000, 3099
760000, 3143
770000, 3183
780000, 3228
790000, 3261
800000, 3310
810000, 3357
820000, 3391
830000, 3433
840000, 3467
850000, 3513
860000, 3554
870000, 3597
880000, 3660
890000, 3679
900000, 3719
910000, 3756
920000, 3802
930000, 4069
940000, 3888
950000, 3949
960000, 3968
970000, 4011
980000, 4053
990000, 4091
1e+06, 4132
10000, 42
20000, 83
30000, 125
40000, 165
50000, 206
60000, 249
70000, 290
80000, 330
90000, 372
100000, 413
110000, 463
120000, 495
130000, 537
140000, 578
150000, 619
160000, 660
170000, 704
180000, 755
190000, 784
200000, 829
210000, 878
220000, 908
230000, 949
240000, 991
250000, 1042
260000, 1074
270000, 1142
280000, 1156
290000, 1207
300000, 1259
310000, 1295
320000, 1322
330000, 1363
340000, 1403
350000, 1472
360000, 1492
370000, 1527
380000, 1569
390000, 1610
400000, 1652
410000, 1714
420000, 1734
430000, 1779
440000, 1817
450000, 2082
460000, 1899
470000, 2018
480000, 1982
490000, 2023
500000, 2068
510000, 2129
520000, 2147
530000, 2191
540000, 2229
550000, 2278
560000, 2317
570000, 2361
580000, 2401
590000, 2441
600000, 2505
610000, 2521
620000, 2563
630000, 2610
640000, 2652
650000, 2693
660000, 2796
670000, 2766
680000, 2825
690000, 2857
700000, 2895
710000, 2931
720000, 2977
730000, 3018
740000, 3059
750000, 3096
760000, 3163
770000, 3185
780000, 3417
790000, 3266
800000, 3309
810000, 3347
820000, 3390
830000, 3438
840000, 3518
850000, 3519
860000, 3558
870000, 3607
880000, 3642
890000, 3682
900000, 3727
910000, 3782
920000, 3803
930000, 3844
940000, 3893
950000, 3926
960000, 3973
970000, 4006
980000, 4056
990000, 4090
1e+06, 4133
10000, 41
20000, 83
30000, 125
40000, 165
50000, 206
60000, 248
70000, 289
80000, 331
90000, 372
100000, 425
110000, 454
120000, 495
130000, 537
140000, 578
150000, 619
160000, 661
170000, 702
180000, 754
190000, 784
200000, 826
210000, 867
220000, 909
230000, 963
240000, 991
250000, 1236
260000, 1081
270000, 1115
280000, 1156
290000, 1198
300000, 1238
310000, 1285
320000, 1321
330000, 1362
340000, 1408
350000, 1445
360000, 1486
370000, 1527
380000, 1568
390000, 1610
400000, 1651
410000, 1703
420000, 1743
430000, 1785
440000, 1824
450000, 1886
460000, 2148
470000, 1947
480000, 1986
490000, 2028
500000, 2069
510000, 2112
520000, 2151
530000, 2193
540000, 2249
550000, 2270
560000, 2314
570000, 2354
580000, 2394
590000, 2441
600000, 2481
610000, 2518
620000, 2572
630000, 2600
640000, 2642
650000, 2693
660000, 2730
670000, 2766
680000, 2818
690000, 2858
700000, 2937
710000, 2931
720000, 2982
730000, 3026
740000, 3065
750000, 3096
760000, 3146
770000, 3188
780000, 3248
790000, 3269
800000, 3307
810000, 3343
820000, 3390
830000, 3432
840000, 3467
850000, 3790
860000, 3550
870000, 3596
880000, 3654
890000, 3687
900000, 3925
910000, 3971
920000, 3840
930000, 3876
940000, 3886
950000, 3929
960000, 4213
970000, 4176
980000, 4066
990000, 4358
1e+06, 4140
10000, 41
20000, 83
30000, 124
40000, 177
50000, 207
60000, 248
70000, 289
80000, 330
90000, 380
100000, 416
110000, 454
120000, 620
130000, 538
140000, 578
150000, 620
160000, 837
170000, 707
180000, 743
190000, 785
200000, 837
210000, 867
220000, 908
230000, 950
240000, 1002
250000, 1254
260000, 1077
270000, 1114
280000, 1156
290000, 1203
300000, 1242
310000, 1280
320000, 1324
330000, 1362
340000, 1409
350000, 1450
360000, 1487
370000, 1544
380000, 1569
390000, 1610
400000, 1912
410000, 1694
420000, 1734
430000, 1775
440000, 1817
450000, 1857
460000, 2199
470000, 1963
480000, 1989
490000, 2027
500000, 2067
510000, 2111
520000, 2152
530000, 2194
540000, 2234
550000, 2276
560000, 2330
570000, 2371
580000, 2403
590000, 2442
600000, 2476
610000, 2518
620000, 2559
630000, 2656
640000, 2712
650000, 2693
660000, 2730
670000, 2765
680000, 2812
690000, 2854
700000, 2926
710000, 2961
720000, 2980
730000, 3018
740000, 3055
750000, 3102
760000, 3142
770000, 3209
780000, 3223
790000, 3295
800000, 3312
810000, 3352
820000, 3390
830000, 3447
840000, 3502
850000, 3535
860000, 3556
870000, 3596
880000, 3641
890000, 3684
900000, 3723
910000, 3767
920000, 3821
930000, 4044
940000, 3883
950000, 3927
960000, 3966
970000, 4008
980000, 4052
990000, 4095
1e+06, 4142
10000, 42
20000, 83
30000, 124
40000, 166
50000, 207
60000, 248
70000, 289
80000, 331
90000, 372
100000, 413
110000, 454
120000, 497
130000, 537
140000, 578
150000, 624
160000, 661
170000, 702
180000, 743
190000, 784
200000, 826
210000, 867
220000, 913
230000, 949
240000, 991
250000, 1032
260000, 1081
270000, 1114
280000, 1363
290000, 1209
300000, 1241
310000, 1280
320000, 1321
330000, 1363
340000, 1414
350000, 1456
360000, 1486
370000, 1548
380000, 1571
390000, 1610
400000, 1652
410000, 1692
420000, 1736
430000, 1785
440000, 1824
450000, 1872
460000, 1904
470000, 1950
480000, 1982
490000, 2022
500000, 2064
510000, 2199
520000, 2149
530000, 2187
540000, 2232
550000, 2473
560000, 2323
570000, 2377
580000, 2401
590000, 2447
600000, 2684
610000, 2733
620000, 2564
630000, 2606
640000, 2647
650000, 2707
660000, 2725
670000, 2775
680000, 2812
690000, 2854
700000, 2890
710000, 3102
720000, 2976
730000, 3040
740000, 3482
750000, 3101
760000, 3142
770000, 3405
780000, 3425
790000, 3266
800000, 3323
810000, 3352
820000, 3385
830000, 3431
840000, 3472
850000, 3513
860000, 3556
870000, 3592
880000, 3704
890000, 3850
900000, 3720
910000, 3762
920000, 3801
930000, 3844
940000, 3886
950000, 3967
960000, 3969
970000, 4010
980000, 4083
990000, 4092
1e+06, 4134
10000, 42
20000, 83
30000, 124
40000, 165
50000, 207
60000, 248
70000, 289
80000, 331
90000, 372
100000, 413
110000, 532
120000, 496
130000, 537
140000, 578
150000, 619
160000, 661
170000, 702
180000, 745
190000, 788
200000, 826
210000, 872
220000, 912
230000, 953
240000, 991
250000, 1037
260000, 1073
270000, 1115
280000, 1156
290000, 1211
300000, 1248
310000, 1286
320000, 1321
330000, 1439
340000, 1404
350000, 1445
360000, 1492
370000, 1533
380000, 1576
390000, 1610
400000, 1652
410000, 2035
420000, 1746
430000, 1781
440000, 1821
450000, 1867
460000, 1899
470000, 1971
480000, 1982
490000, 2023
500000, 2066
510000, 2149
520000, 2153
530000, 2193
540000, 2246
550000, 2275
560000, 2317
570000, 2358
580000, 2407
590000, 2554
600000, 2493
610000, 2596
620000, 2567
630000, 2606
640000, 2642
650000, 2757
660000, 2733
670000, 2805
680000, 2837
690000, 2848
700000, 2898
710000, 2931
720000, 2978
730000, 3039
740000, 3064
750000, 3292
760000, 3140
770000, 3227
780000, 3234
790000, 3273
800000, 3312
810000, 3355
820000, 3895
830000, 3512
840000, 3474
850000, 3517
860000, 3550
870000, 3622
880000, 3646
890000, 3722
900000, 3721
910000, 3770
920000, 3809
930000, 4066
940000, 3891
950000, 3962
960000, 3979
970000, 4016
980000, 4054
990000, 4097
1e+06, 4133
10000, 42
20000, 84
30000, 124
40000, 166
50000, 207
60000, 249
70000, 293
80000, 330
90000, 372
100000, 413
110000, 455
120000, 496
130000, 537
140000, 587
150000, 619
160000, 661
170000, 791
180000, 744
190000, 786
200000, 826
210000, 878
220000, 908
230000, 950
240000, 991
250000, 1043
260000, 1074
270000, 1118
280000, 1156
290000, 1202
300000, 1245
310000, 1280
320000, 1323
330000, 1363
340000, 1403
350000, 1445
360000, 1491
370000, 1536
380000, 1574
390000, 1610
400000, 1655
410000, 1694
420000, 1735
430000, 1776
440000, 1816
450000, 1858
460000, 1928
470000, 1940
480000, 1981
490000, 2022
500000, 2085
510000, 2115
520000, 2147
530000, 2188
540000, 2260
550000, 2275
560000, 2527
570000, 2358
580000, 2401
590000, 2753
600000, 2505
610000, 2528
620000, 2640
630000, 2605
640000, 2642
650000, 2687
660000, 2732
670000, 2775
680000, 2834
690000, 2858
700000, 2935
710000, 3163
720000, 2977
730000, 3019
740000, 3060
750000, 3154
760000, 3150
770000, 3184
780000, 3237
790000, 3266
800000, 3310
810000, 3357
820000, 3413
830000, 3507
840000, 3495
850000, 3519
860000, 3560
870000, 3601
880000, 3638
890000, 3695
900000, 3725
910000, 3785
920000, 3827
930000, 3849
940000, 3888
950000, 3936
960000, 3990
970000, 4354
980000, 4055
990000, 4368
1e+06, 4331
10000, 41
20000, 83
30000, 124
40000, 166
50000, 207
60000, 248
70000, 292
80000, 331
90000, 379
100000, 413
110000, 454
120000, 495
130000, 537
140000, 583
150000, 619
160000, 661
170000, 714
180000, 782
190000, 785
200000, 833
210000, 873
220000, 909
230000, 956
240000, 995
250000, 1036
260000, 1074
270000, 1122
280000, 1156
290000, 1197
300000, 1238
310000, 1298
320000, 1322
330000, 1363
340000, 1412
350000, 1452
360000, 1486
370000, 1734
380000, 1569
390000, 1610
400000, 1866
410000, 1694
420000, 1739
430000, 1813
440000, 1816
450000, 1857
460000, 1899
470000, 1943
480000, 1981
490000, 2023
500000, 2064
510000, 2106
520000, 2166
530000, 2219
540000, 2229
550000, 2280
560000, 2317
570000, 2360
580000, 2406
590000, 2440
600000, 2483
610000, 2521
620000, 2584
630000, 2632
640000, 2648
650000, 2686
660000, 2781
670000, 2942
680000, 2813
690000, 2873
700000, 2890
710000, 2938
720000, 3003
730000, 3025
740000, 3055
750000, 3102
760000, 3176
770000, 3217
780000, 3929
790000, 3433
800000, 3307
810000, 3352
820000, 3407
830000, 3434
840000, 3503
850000, 3541
860000, 3559
870000, 3592
880000, 3645
890000, 3756
900000, 3724
910000, 3789
920000, 3840
930000, 3848
940000, 4286
950000, 3927
960000, 3968
970000, 4352
980000, 4322
990000, 4091
1e+06, 4140
10000, 41
20000, 83
30000, 124
40000, 165
50000, 206
60000, 248
70000, 290
80000, 332
90000, 372
100000, 413
110000, 454
120000, 503
130000, 537
140000, 579
150000, 619
160000, 661
170000, 713
180000, 744
190000, 784
200000, 830
210000, 875
220000, 917
230000, 978
240000, 1063
250000, 1032
260000, 1135
270000, 1115
280000, 1156
290000, 1198
300000, 1239
310000, 1290
320000, 1331
330000, 1363
340000, 1408
350000, 1446
360000, 1490
370000, 1528
380000, 1569
390000, 1610
400000, 1655
410000, 1692
420000, 1739
430000, 1797
440000, 1875
450000, 1864
460000, 2021
470000, 1940
480000, 1981
490000, 2026
500000, 2064
510000, 2109
520000, 2146
530000, 2193
540000, 2250
550000, 2280
560000, 2312
570000, 2591
580000, 2394
590000, 2440
600000, 2484
610000, 2524
620000, 2583
630000, 2606
640000, 2649
650000, 2694
660000, 2734
670000, 2766
680000, 2816
690000, 2860
700000, 3003
710000, 2940
720000, 2975
730000, 3016
740000, 3060
750000, 3101
760000, 3167
770000, 3375
780000, 3517
790000, 3300
800000, 3321
810000, 3561
820000, 3394
830000, 3431
840000, 3517
850000, 3532
860000, 3577
870000, 3609
880000, 3639
890000, 3679
900000, 3721
910000, 3780
920000, 3833
930000, 3849
940000, 3884
950000, 3952
960000, 3965
970000, 4010
980000, 4130
990000, 4102
1e+06, 4163
10000, 42
20000, 83
30000, 125
40000, 165
50000, 207
60000, 258
70000, 289
80000, 331
90000, 372
100000, 413
110000, 539
120000, 496
130000, 536
140000, 2157
150000, 620
160000, 664
170000, 702
180000, 753
190000, 785
200000, 826
210000, 878
220000, 909
230000, 1050
240000, 992
250000, 1032
260000, 1073
270000, 1124
280000, 1157
290000, 1197
300000, 1238
310000, 1287
320000, 1326
330000, 1376
340000, 1408
350000, 1464
360000, 1496
370000, 1764
380000, 1580
390000, 1610
400000, 1652
410000, 1693
420000, 1734
430000, 1786
440000, 5011
450000, 2121
460000, 1900
470000, 1940
480000, 1981
490000, 2023
500000, 2064
510000, 2105
520000, 2147
530000, 2209
540000, 2395
550000, 2278
560000, 2316
570000, 2358
580000, 2399
590000, 2443
600000, 2482
610000, 2608
620000, 2591
630000, 2839
640000, 2652
650000, 2683
660000, 2783
670000, 2776
680000, 2810
690000, 2857
700000, 2956
710000, 2939
720000, 2982
730000, 3025
740000, 3055
750000, 3106
760000, 3149
770000, 3215
780000, 3232
790000, 3279
800000, 3302
810000, 3355
820000, 3394
830000, 3426
840000, 3498
850000, 4154
860000, 3579
870000, 3599
880000, 3654
890000, 3678
900000, 3720
910000, 3775
920000, 3826
930000, 3846
940000, 3886
950000, 3944
960000, 3984
970000, 4009
980000, 4078
990000, 4113
1e+06, 4165
10000, 45
20000, 83
30000, 125
40000, 166
50000, 207
60000, 248
70000, 289
80000, 341
90000, 371
100000, 413
110000, 455
120000, 496
130000, 552
140000, 579
150000, 620
160000, 673
170000, 702
180000, 744
190000, 784
200000, 826
210000, 870
220000, 917
230000, 951
240000, 993
250000, 1054
260000, 1267
270000, 1120
280000, 1311
290000, 1197
300000, 1239
310000, 1280
320000, 1326
330000, 1362
340000, 1403
350000, 1446
360000, 1502
370000, 1530
380000, 1598
390000, 1617
400000, 1658
410000, 1746
420000, 1734
430000, 1850
440000, 1816
450000, 1866
460000, 1915
470000, 1971
480000, 1984
490000, 2026
500000, 2064
510000, 2105
520000, 2147
530000, 2191
540000, 2239
550000, 2576
560000, 2325
570000, 2368
580000, 2394
590000, 2435
600000, 2523
610000, 2525
620000, 2564
630000, 2644
640000, 2900
650000, 2694
660000, 2735
670000, 2773
680000, 2807
690000, 2861
700000, 2927
710000, 2941
720000, 2972
730000, 3019
740000, 3261
750000, 3102
760000, 3287
770000, 3184
780000, 6614
790000, 3398
800000, 3306
810000, 3354
820000, 3593
830000, 3501
840000, 3482
850000, 3524
860000, 3560
870000, 3591
880000, 3638
890000, 3690
900000, 4027
910000, 3812
920000, 3812
930000, 3846
940000, 3891
950000, 3926
960000, 3973
970000, 4030
980000, 4084
990000, 4093
1e+06, 4135
10000, 42
20000, 83
30000, 124
40000, 166
50000, 207
60000, 254
70000, 301
80000, 331
90000, 381
100000, 426
110000, 512
120000, 496
130000, 537
140000, 579
150000, 620
160000, 661
170000, 702
180000, 744
190000, 785
200000, 826
210000, 867
220000, 909
230000, 960
240000, 991
250000, 1038
260000, 1073
270000, 1115
280000, 1156
290000, 1202
300000, 1239
310000, 1280
320000, 1324
330000, 1680
340000, 1405
350000, 1445
360000, 1595
370000, 1532
380000, 1574
390000, 1860
400000, 1651
410000, 1693
420000, 1733
430000, 1995
440000, 1870
450000, 1864
460000, 1902
470000, 1944
480000, 1982
490000, 2023
500000, 2064
510000, 2109
520000, 2150
530000, 2217
540000, 2229
550000, 2299
560000, 2459
570000, 2353
580000, 2475
590000, 2441
600000, 2691
610000, 2728
620000, 2590
630000, 2614
640000, 2660
650000, 2865
660000, 2733
670000, 2776
680000, 2815
690000, 2859
700000, 2976
710000, 2947
720000, 2983
730000, 3014
740000, 3062
750000, 3101
760000, 3161
770000, 3186
780000, 3238
790000, 3261
800000, 3312
810000, 3348
820000, 3387
830000, 3432
840000, 3478
850000, 3527
860000, 3559
870000, 3597
880000, 3679
890000, 3886
900000, 3931
910000, 3790
920000, 3856
930000, 4079
940000, 3885
950000, 3931
960000, 3968
970000, 4013
980000, 4068
990000, 4095
1e+06, 4159
10000, 42
20000, 82
30000, 124
40000, 165
50000, 207
60000, 251
70000, 311
80000, 331
90000, 380
100000, 413
110000, 455
120000, 496
130000, 537
140000, 578
150000, 620
160000, 661
170000, 738
180000, 743
190000, 785
200000, 847
210000, 896
220000, 909
230000, 950
240000, 1007
250000, 1046
260000, 1082
270000, 1115
280000, 1156
290000, 1197
300000, 1250
310000, 1280
320000, 1325
330000, 1362
340000, 1404
350000, 1517
360000, 2275
370000, 1534
380000, 1569
390000, 1610
400000, 1651
410000, 1692
420000, 1734
430000, 1775
440000, 2128
450000, 1876
460000, 1902
470000, 1941
480000, 1982
490000, 2023
500000, 2064
510000, 2108
520000, 2150
530000, 2208
540000, 2266
550000, 2277
560000, 2351
570000, 2593
580000, 2426
590000, 2661
600000, 2528
610000, 2622
620000, 2568
630000, 2888
640000, 2649
650000, 2705
660000, 2932
670000, 2771
680000, 2864
690000, 2853
700000, 2894
710000, 2961
720000, 3017
730000, 3025
740000, 3072
750000, 3103
760000, 3137
770000, 3186
780000, 3225
790000, 3297
800000, 3309
810000, 3364
820000, 3392
830000, 3435
840000, 3503
850000, 3564
860000, 3579
870000, 4161
880000, 3671
890000, 3690
900000, 3731
910000, 3780
920000, 3876
930000, 3847
940000, 3890
950000, 3927
960000, 3967
970000, 4009
980000, 4246
990000, 4207
1e+06, 4443
10000, 41
20000, 83
30000, 124
40000, 166
50000, 207
60000, 248
70000, 290
80000, 341
90000, 372
100000, 414
110000, 456
120000, 496
130000, 543
140000, 578
150000, 620
160000, 710
170000, 702
180000, 743
190000, 790
200000, 825
210000, 867
220000, 1077
230000, 950
240000, 991
250000, 1046
260000, 1092
270000, 1125
280000, 1156
290000, 1197
300000, 1242
310000, 1285
320000, 1327
330000, 1363
340000, 1404
350000, 1445
360000, 1594
370000, 1548
380000, 1569
390000, 1663
400000, 1652
410000, 1692
420000, 1734
430000, 1776
440000, 1893
450000, 2054
460000, 1922
470000, 1948
480000, 1991
490000, 2038
500000, 2078
510000, 2114
520000, 2157
530000, 2188
540000, 2232
550000, 2291
560000, 2345
570000, 2378
580000, 2405
590000, 2436
600000, 2477
610000, 2518
620000, 2563
630000, 2611
640000, 2890
650000, 2683
660000, 2730
670000, 2770
680000, 3026
690000, 2856
700000, 2899
710000, 2974
720000, 3136
730000, 3019
740000, 3065
750000, 3249
760000, 3215
770000, 3193
780000, 3285
790000, 3270
800000, 3307
810000, 3351
820000, 3390
830000, 3432
840000, 3478
850000, 4839
860000, 3629
870000, 3600
880000, 3640
890000, 3679
900000, 3720
910000, 3767
920000, 3825
930000, 3872
940000, 3891
950000, 3931
960000, 3968
970000, 4014
980000, 4110
990000, 4122
1e+06, 4154
10000, 42
20000, 83
30000, 128
40000, 165
50000, 207
60000, 248
70000, 289
80000, 330
90000, 385
100000, 532
110000, 455
120000, 496
130000, 537
140000, 653
150000, 620
160000, 661
170000, 702
180000, 744
190000, 794
200000, 826
210000, 867
220000, 914
230000, 953
240000, 1002
250000, 1032
260000, 1073
270000, 1115
280000, 1161
290000, 1198
300000, 1239
310000, 1280
320000, 1327
330000, 1374
340000, 1404
350000, 1465
360000, 1529
370000, 1527
380000, 1575
390000, 1684
400000, 1656
410000, 1698
420000, 1739
430000, 1778
440000, 1817
450000, 1864
460000, 1899
470000, 1972
480000, 1987
490000, 2027
500000, 2068
510000, 2110
520000, 2152
530000, 2215
540000, 2252
550000, 2270
560000, 2312
570000, 2365
580000, 2404
590000, 2446
600000, 2486
610000, 2529
620000, 2629
630000, 2606
640000, 2654
650000, 2797
660000, 2735
670000, 2766
680000, 2807
690000, 2855
700000, 2905
710000, 2949
720000, 3063
730000, 3020
740000, 3066
750000, 3199
760000, 3143
770000, 3187
780000, 3248
790000, 3287
800000, 3302
810000, 3369
820000, 3390
830000, 3426
840000, 3473
850000, 3639
860000, 3602
870000, 3604
880000, 3639
890000, 3691
900000, 3965
910000, 3834
920000, 3807
930000, 3853
940000, 3891
950000, 3963
960000, 3968
970000, 4326
980000, 4312
990000, 4096
1e+06, 4135
10000, 42
20000, 83
30000, 124
40000, 166
50000, 207
60000, 248
70000, 289
80000, 330
90000, 375
100000, 418
110000, 463
120000, 496
130000, 537
140000, 584
150000, 619
160000, 661
170000, 707
180000, 743
190000, 800
200000, 832
210000, 867
220000, 908
230000, 958
240000, 1009
250000, 1041
260000, 1075
270000, 1115
280000, 1156
290000, 1197
300000, 1246
310000, 1355
320000, 1321
330000, 1362
340000, 1407
350000, 1465
360000, 1487
370000, 1768
380000, 1622
390000, 1610
400000, 1651
410000, 1834
420000, 1739
430000, 1926
440000, 1822
450000, 1869
460000, 1929
470000, 1948
480000, 1990
490000, 2026
500000, 2067
510000, 2110
520000, 2153
530000, 2192
540000, 2240
550000, 2288
560000, 2329
570000, 2354
580000, 2403
590000, 2441
600000, 2501
610000, 2521
620000, 2560
630000, 2616
640000, 2650
650000, 2696
660000, 2728
670000, 2766
680000, 2807
690000, 2858
700000, 2901
710000, 2963
720000, 2980
730000, 3029
740000, 3055
750000, 3101
760000, 3142
770000, 3184
780000, 3223
790000, 3285
800000, 3327
810000, 3372
820000, 3390
830000, 3431
840000, 3488
850000, 3526
860000, 3587
870000, 3599
880000, 3638
890000, 3709
900000, 3715
910000, 3772
920000, 3846
930000, 3867
940000, 3889
950000, 3974
960000, 3969
970000, 4009
980000, 4069
990000, 4133
1e+06, 4208
10000, 42
20000, 83
30000, 124
40000, 165
50000, 206
60000, 248
70000, 289
80000, 331
90000, 372
100000, 413
110000, 506
120000, 496
130000, 538
140000, 608
150000, 619
160000, 661
170000, 712
180000, 743
190000, 785
200000, 835
210000, 867
220000, 911
230000, 961
240000, 991
250000, 1032
260000, 1073
270000, 1362
280000, 1165
290000, 1197
300000, 1239
310000, 1282
320000, 1321
330000, 1584
340000, 1409
350000, 1445
360000, 1488
370000, 1534
380000, 1572
390000, 1615
400000, 1651
410000, 1693
420000, 1744
430000, 1788
440000, 1828
450000, 1870
460000, 1905
470000, 1964
480000, 2155
490000, 2037
500000, 2066
510000, 2106
520000, 2146
530000, 2188
540000, 2229
550000, 2272
560000, 2342
570000, 2400
580000, 2408
590000, 2650
600000, 2477
610000, 2518
620000, 2761
630000, 2680
640000, 2668
650000, 2807
660000, 2727
670000, 2778
680000, 3016
690000, 2853
700000, 2889
710000, 2931
720000, 2989
730000, 3014
740000, 3062
750000, 3127
760000, 3145
770000, 3186
780000, 3225
790000, 3272
800000, 3327
810000, 3633
820000, 3390
830000, 3431
840000, 3473
850000, 3519
860000, 3573
870000, 3645
880000, 4009
890000, 3883
900000, 3719
910000, 3762
920000, 3914
930000, 4151
940000, 5398
950000, 4155
960000, 4171
970000, 4009
980000, 6450
990000, 4108
1e+06, 4362
10000, 42
20000, 83
30000, 124
40000, 165
50000, 207
60000, 248
70000, 290
80000, 330
90000, 378
100000, 414
110000, 455
120000, 496
130000, 538
140000, 578
150000, 623
160000, 668
170000, 705
180000, 744
190000, 798
200000, 826
210000, 867
220000, 917
230000, 950
240000, 994
250000, 1032
260000, 1083
270000, 1121
280000, 1648
290000, 1218
300000, 1239
310000, 1364
320000, 1326
330000, 1363
340000, 1617
350000, 1446
360000, 1503
370000, 1548
380000, 1578
390000, 1619
400000, 1655
410000, 1693
420000, 1734
430000, 1823
440000, 1817
450000, 1861
460000, 1936
470000, 1950
480000, 2012
490000, 2238
500000, 2070
510000, 2137
520000, 2153
530000, 2396
540000, 2430
550000, 2298
560000, 2325
570000, 2363
580000, 2405
590000, 2445
600000, 2477
610000, 2518
620000, 2559
630000, 2638
640000, 2929
650000, 2692
660000, 2729
670000, 2766
680000, 2810
690000, 3084
700000, 2926
710000, 2992
720000, 2985
730000, 3014
740000, 3082
750000, 3101
760000, 3143
770000, 3178
780000, 3259
790000, 3271
800000, 3314
810000, 3354
820000, 3390
830000, 3550
840000, 3471
850000, 3532
860000, 3630
870000, 3598
880000, 3640
890000, 3678
900000, 3798
910000, 3766
920000, 3805
930000, 3862
940000, 3885
950000, 3947
960000, 3968
970000, 4007
980000, 4054
990000, 4098
1e+06, 4204
10000, 42
20000, 83
30000, 125
40000, 165
50000, 207
60000, 323
70000, 289
80000, 330
90000, 377
100000, 413
110000, 454
120000, 497
130000, 537
140000, 741
150000, 620
160000, 661
170000, 713
180000, 744
190000, 784
200000, 826
210000, 867
220000, 908
230000, 949
240000, 1004
250000, 1032
260000, 1083
270000, 1180
280000, 1156
290000, 1197
300000, 1238
310000, 1285
320000, 1328
330000, 1366
340000, 1404
350000, 1448
360000, 1502
370000, 1609
380000, 1585
390000, 1617
400000, 1806
410000, 1743
420000, 1742
430000, 1784
440000, 1828
450000, 1867
460000, 1908
470000, 1949
480000, 2012
490000, 2023
500000, 2067
510000, 2108
520000, 2149
530000, 2188
540000, 2240
550000, 2303
560000, 2318
570000, 2596
580000, 2399
590000, 2441
600000, 2481
610000, 2538
620000, 2559
630000, 2615
640000, 2679
650000, 2693
660000, 2802
670000, 2779
680000, 2812
690000, 2911
700000, 2895
710000, 2954
720000, 3000
730000, 3021
740000, 3055
750000, 3105
760000, 3142
770000, 3217
780000, 3228
790000, 3311
800000, 3309
810000, 3349
820000, 3385
830000, 3431
840000, 3473
850000, 3509
860000, 3575
870000, 3614
880000, 3704
890000, 3916
900000, 3720
910000, 3830
920000, 3854
930000, 3868
940000, 3902
950000, 3926
960000, 4001
970000, 4009
980000, 4080
990000, 4112
1e+06, 4155
10000, 42
20000, 83
30000, 124
40000, 165
50000, 207
60000, 249
70000, 289
80000, 337
90000, 372
100000, 416
110000, 455
120000, 496
130000, 537
140000, 578
150000, 620
160000, 661
170000, 702
180000, 759
190000, 812
200000, 838
210000, 872
220000, 908
230000, 950
240000, 991
250000, 1038
260000, 1073
270000, 1116
280000, 1156
290000, 1198
300000, 1252
310000, 1284
320000, 1327
330000, 1372
340000, 1403
350000, 1662
360000, 1489
370000, 1527
380000, 1582
390000, 1853
400000, 1812
410000, 1692
420000, 1742
430000, 1801
440000, 1821
450000, 1863
460000, 1904
470000, 1970
480000, 2122
490000, 2270
500000, 2073
510000, 2167
520000, 2157
530000, 2193
540000, 2233
550000, 2304
560000, 2397
570000, 2592
580000, 2421
590000, 2624
600000, 2635
610000, 2524
620000, 2563
630000, 2606
640000, 2721
650000, 2722
660000, 2736
670000, 2771
680000, 2812
690000, 2848
700000, 2892
710000, 2935
720000, 3007
730000, 3038
740000, 3063
750000, 3107
760000, 3148
770000, 3187
780000, 3241
790000, 3268
800000, 3337
810000, 3377
820000, 3394
830000, 3434
840000, 3472
850000, 3514
860000, 3593
870000, 3660
880000, 3650
890000, 3682
900000, 3720
910000, 3762
920000, 3824
930000, 3925
940000, 3892
950000, 3932
960000, 3992
970000, 4009
980000, 4052
990000, 4116
1e+06, 4459
10000, 42
20000, 83
30000, 124
40000, 166
50000, 209
60000, 248
70000, 289
80000, 330
90000, 383
100000, 413
110000, 456
120000, 496
130000, 538
140000, 584
150000, 621
160000, 661
170000, 717
180000, 752
190000, 785
200000, 826
210000, 878
220000, 909
230000, 950
240000, 991
250000, 1164
260000, 1073
270000, 1116
280000, 1161
290000, 1197
300000, 1238
310000, 1349
320000, 1323
330000, 1363
340000, 1403
350000, 1445
360000, 1491
370000, 1532
380000, 1581
390000, 1611
400000, 1881
410000, 1698
420000, 1734
430000, 1786
440000, 1826
450000, 1863
460000, 2091
470000, 1950
480000, 1996
490000, 2032
500000, 2064
510000, 2105
520000, 2147
530000, 2221
540000, 2252
550000, 2270
560000, 2316
570000, 2372
580000, 2408
590000, 2440
600000, 2477
610000, 2664
620000, 2562
630000, 2611
640000, 2650
650000, 2709
660000, 2750
670000, 2774
680000, 2819
690000, 2859
700000, 3049
710000, 2947
720000, 3067
730000, 3028
740000, 3177
750000, 3103
760000, 3167
770000, 3382
780000, 3231
790000, 3479
800000, 3355
810000, 3405
820000, 3426
830000, 3435
840000, 3669
850000, 3515
860000, 3613
870000, 3601
880000, 3640
890000, 3855
900000, 3719
910000, 4019
920000, 4112
930000, 3885
940000, 3893
950000, 3927
960000, 4119
970000, 4011
980000, 4069
990000, 4148
1e+06, 4135
10000, 42
20000, 82
30000, 125
40000, 165
50000, 206
60000, 248
70000, 289
80000, 331
90000, 372
100000, 413
110000, 454
120000, 496
130000, 545
140000, 579
150000, 619
160000, 661
170000, 702
180000, 743
190000, 787
200000, 831
210000, 944
220000, 908
230000, 950
240000, 997
250000, 1056
260000, 1083
270000, 1115
280000, 1156
290000, 1208
300000, 1279
310000, 1280
320000, 1321
330000, 1362
340000, 1404
350000, 1451
360000, 1496
370000, 1539
380000, 1582
390000, 1688
400000, 1651
410000, 1768
420000, 1734
430000, 1776
440000, 1819
450000, 1860
460000, 1904
470000, 1980
480000, 1994
490000, 2036
500000, 2077
510000, 2116
520000, 2153
530000, 2193
540000, 2438
550000, 2294
560000, 2333
570000, 2353
580000, 2395
590000, 2439
600000, 2482
610000, 2523
620000, 2564
630000, 2629
640000, 2935
650000, 2920
660000, 2725
670000, 2766
680000, 2814
690000, 2853
700000, 2894
710000, 2953
720000, 2998
730000, 3016
740000, 3067
750000, 3101
760000, 3146
770000, 3178
780000, 3231
790000, 3280
800000, 3312
810000, 3349
820000, 3395
830000, 3431
840000, 3478
850000, 3534
860000, 3556
870000, 3611
880000, 3677
890000, 3882
900000, 3728
910000, 3762
920000, 3812
930000, 3872
940000, 3900
950000, 3927
960000, 3968
970000, 4016
980000, 4078
990000, 4135
1e+06, 4156
10000, 42
20000, 83
30000, 124
40000, 165
50000, 213
60000, 248
70000, 289
80000, 330
90000, 372
100000, 413
110000, 454
120000, 505
130000, 537
140000, 590
150000, 619
160000, 660
170000, 702
180000, 743
190000, 785
200000, 826
210000, 867
220000, 909
230000, 951
240000, 991
250000, 1033
260000, 1074
270000, 1115
280000, 1178
290000, 1220
300000, 1241
310000, 1280
320000, 1324
330000, 1363
340000, 1409
350000, 1450
360000, 1507
370000, 1594
380000, 1575
390000, 1610
400000, 1700
410000, 1693
420000, 1734
430000, 1775
440000, 1816
450000, 1864
460000, 1929
470000, 1946
480000, 1987
490000, 2023
500000, 2067
510000, 2143
520000, 2147
530000, 2188
540000, 2243
550000, 2279
560000, 2334
570000, 2353
580000, 2394
590000, 2689
600000, 2685
610000, 2524
620000, 2571
630000, 2694
640000, 2657
650000, 2696
660000, 2734
670000, 2766
680000, 2818
690000, 2861
700000, 2900
710000, 2938
720000, 2997
730000, 3030
740000, 3060
750000, 3119
760000, 3158
770000, 3179
780000, 3376
790000, 4202
800000, 3311
810000, 3369
820000, 3390
830000, 3438
840000, 3473
850000, 3536
860000, 3792
870000, 3672
880000, 3638
890000, 3867
900000, 3720
910000, 3764
920000, 3860
930000, 3852
940000, 3922
950000, 3926
960000, 3967
970000, 4007
980000, 5304
990000, 4096
1e+06, 4142
10000, 42
20000, 83
30000, 124
40000, 166
50000, 207
60000, 248
70000, 289
80000, 338
90000, 373
100000, 413
110000, 455
120000, 495
130000, 537
140000, 578
150000, 619
160000, 666
170000, 702
180000, 743
190000, 847
200000, 826
210000, 867
220000, 909
230000, 962
240000, 991
250000, 1051
260000, 1073
270000, 1115
280000, 1167
290000, 1214
300000, 1239
310000, 1292
320000, 1321
330000, 1366
340000, 1512
350000, 1472
360000, 1530
370000, 1555
380000, 1575
390000, 1643
400000, 1651
410000, 1692
420000, 1734
430000, 1775
440000, 1835
450000, 1875
460000, 1983
470000, 1953
480000, 1993
490000, 2034
500000, 2074
510000, 2114
520000, 2155
530000, 2537
540000, 2252
550000, 2271
560000, 2326
570000, 2361
580000, 2400
590000, 2441
600000, 2486
610000, 2525
620000, 2615
630000, 2623
640000, 2654
650000, 2689
660000, 2724
670000, 2769
680000, 2812
690000, 2877
700000, 2951
710000, 2936
720000, 3273
730000, 3013
740000, 3066
750000, 3103
760000, 3138
770000, 3246
780000, 3275
790000, 3268
800000, 3356
810000, 3550
820000, 3403
830000, 3808
840000, 3780
850000, 3528
860000, 3567
870000, 3596
880000, 3640
890000, 3707
900000, 3724
910000, 3851
920000, 3977
930000, 3854
940000, 3890
950000, 3932
960000, 3971
970000, 4023
980000, 4075
990000, 4093
1e+06, 4135
10000, 42
20000, 83
30000, 124
40000, 165
50000, 210
60000, 248
70000, 293
80000, 341
90000, 372
100000, 413
110000, 483
120000, 499
130000, 537
140000, 578
150000, 619
160000, 661
170000, 702
180000, 743
190000, 785
200000, 826
210000, 867
220000, 908
230000, 949
240000, 1001
250000, 1265
260000, 1236
270000, 1115
280000, 1156
290000, 1352
300000, 1238
310000, 1483
320000, 1321
330000, 1437
340000, 1405
350000, 1445
360000, 1487
370000, 1530
380000, 1569
390000, 1610
400000, 1651
410000, 1697
420000, 1771
430000, 1845
440000, 1819
450000, 1877
460000, 1910
470000, 1969
480000, 1987
490000, 2077
500000, 2299
510000, 2110
520000, 2196
530000, 2199
540000, 2303
550000, 2280
560000, 2311
570000, 2353
580000, 2394
590000, 2470
600000, 2477
610000, 2523
620000, 2578
630000, 2673
640000, 2642
650000, 2694
660000, 2737
670000, 2775
680000, 2817
690000, 2953
700000, 2902
710000, 2959
720000, 3052
730000, 3035
740000, 3067
750000, 3101
760000, 3139
770000, 3205
780000, 3224
790000, 3292
800000, 3510
810000, 3364
820000, 3465
830000, 3636
840000, 3472
850000, 3538
860000, 3611
870000, 3642
880000, 3643
890000, 3675
900000, 3724
910000, 3765
920000, 4132
930000, 3872
940000, 3913
950000, 3952
960000, 3976
970000, 4010
980000, 4058
990000, 4114
1e+06, 4135
10000, 42
20000, 83
30000, 125
40000, 165
50000, 206
60000, 248
70000, 289
80000, 331
90000, 372
100000, 413
110000, 455
120000, 495
130000, 545
140000, 578
150000, 620
160000, 661
170000, 702
180000, 746
190000, 790
200000, 829
210000, 867
220000, 1049
230000, 962
240000, 1014
250000, 1032
260000, 1074
270000, 1123
280000, 1159
290000, 1197
300000, 1239
310000, 1280
320000, 1326
330000, 1365
340000, 1404
350000, 1448
360000, 1487
370000, 1539
380000, 1587
390000, 1617
400000, 1721
410000, 1897
420000, 1733
430000, 1775
440000, 1818
450000, 1873
460000, 1909
470000, 1972
480000, 1997
490000, 2032
500000, 2070
510000, 2110
520000, 2158
530000, 2194
540000, 2260
550000, 2302
560000, 2338
570000, 2353
580000, 2394
590000, 2435
600000, 2477
610000, 2524
620000, 2572
630000, 2644
640000, 2642
650000, 2695
660000, 2762
670000, 2776
680000, 2813
690000, 3072
700000, 3209
710000, 3075
720000, 2983
730000, 3019
740000, 3129
750000, 3103
760000, 3143
770000, 3195
780000, 3249
790000, 3323
800000, 3475
810000, 3348
820000, 3390
830000, 3433
840000, 3771
850000, 3516
860000, 3563
870000, 3601
880000, 3641
890000, 3680
900000, 3986
910000, 3760
920000, 3805
930000, 3845
940000, 3886
950000, 3925
960000, 3992
970000, 4041
980000, 4049
990000, 4091
1e+06, 4132
10000, 42
20000, 83
30000, 124
40000, 165
50000, 207
60000, 249
70000, 290
80000, 331
90000, 380
100000, 413
110000, 454
120000, 495
130000, 537
140000, 578
150000, 620
160000, 661
170000, 702
180000, 746
190000, 785
200000, 839
210000, 868
220000, 922
230000, 950
240000, 995
250000, 1032
260000, 1074
270000, 1122
280000, 1159
290000, 1197
300000, 1239
310000, 1285
320000, 1329
330000, 1372
340000, 1410
350000, 1445
360000, 1489
370000, 1528
380000, 1569
390000, 1610
400000, 1651
410000, 1703
420000, 1747
430000, 1783
440000, 1826
450000, 1865
460000, 1907
470000, 1951
480000, 1992
490000, 2032
500000, 2074
510000, 2116
520000, 2171
530000, 2204
540000, 2504
550000, 2275
560000, 2321
570000, 2360
580000, 2399
590000, 2465
600000, 2484
610000, 2552
620000, 2576
630000, 2612
640000, 2655
650000, 2696
660000, 2734
670000, 2766
680000, 2828
690000, 2901
700000, 2896
710000, 2938
720000, 2992
730000, 3018
740000, 3427
750000, 3130
760000, 3163
770000, 3204
780000, 3226
790000, 3272
800000, 3311
810000, 3354
820000, 3628
830000, 4015
840000, 3580
850000, 3516
860000, 3550
870000, 3597
880000, 3660
890000, 3690
900000, 3731
910000, 3762
920000, 3818
930000, 3845
940000, 3885
950000, 4101
960000, 4204
970000, 4097
980000, 4317
990000, 4091
1e+06, 4132
10000, 41
20000, 83
30000, 127
40000, 166
50000, 207
60000, 248
70000, 290
80000, 331
90000, 373
100000, 430
110000, 454
120000, 496
130000, 537
140000, 578
150000, 624
160000, 661
170000, 702
180000, 766
190000, 785
200000, 943
210000, 868
220000, 976
230000, 958
240000, 992
250000, 1035
260000, 1119
270000, 1272
280000, 1167
290000, 1198
300000, 1239
310000, 1280
320000, 1331
330000, 2414
340000, 1407
350000, 1558
360000, 1492
370000, 1528
380000, 1569
390000, 1615
400000, 1656
410000, 1698
420000, 1739
430000, 1787
440000, 1877
450000, 1874
460000, 1908
470000, 1951
480000, 1987
490000, 2028
500000, 2069
510000, 2136
520000, 2152
530000, 2200
540000, 2243
550000, 2282
560000, 2322
570000, 2381
580000, 2402
590000, 2440
600000, 2483
610000, 2527
620000, 2583
630000, 2610
640000, 2647
650000, 2683
660000, 2725
670000, 2777
680000, 2817
690000, 2861
700000, 2904
710000, 2949
720000, 3058
730000, 3020
740000, 3059
750000, 3101
760000, 3375
770000, 3229
780000, 3248
790000, 3292
800000, 3515
810000, 3420
820000, 3545
830000, 3594
840000, 3509
850000, 3521
860000, 3557
870000, 3614
880000, 3841
890000, 3679
900000, 3720
910000, 3800
920000, 3823
930000, 3981
940000, 3891
950000, 3933
960000, 3968
970000, 4037
980000, 4082
990000, 4097
1e+06, 4136
10000, 42
20000, 83
30000, 125
40000, 165
50000, 207
60000, 248
70000, 289
80000, 331
90000, 372
100000, 413
110000, 455
120000, 507
130000, 538
140000, 578
150000, 625
160000, 660
170000, 702
180000, 820
190000, 860
200000, 831
210000, 867
220000, 916
230000, 950
240000, 1000
250000, 1032
260000, 1073
270000, 1114
280000, 1156
290000, 1224
300000, 1244
310000, 1281
320000, 1334
330000, 1366
340000, 1412
350000, 1461
360000, 1486
370000, 1760
380000, 1572
390000, 1613
400000, 1658
410000, 1793
420000, 1739
430000, 1781
440000, 1837
450000, 1862
460000, 1907
470000, 2124
480000, 1986
490000, 2028
500000, 2070
510000, 2111
520000, 2355
530000, 2193
540000, 2263
550000, 2502
560000, 2318
570000, 2359
580000, 2587
590000, 2441
600000, 2482
610000, 2518
620000, 2562
630000, 2620
640000, 2647
650000, 2683
660000, 2729
670000, 2775
680000, 2811
690000, 2853
700000, 2907
710000, 2947
720000, 2991
730000, 3014
740000, 3059
750000, 3101
760000, 3151
770000, 3403
780000, 3225
790000, 3281
800000, 3339
810000, 3351
820000, 3390
830000, 3431
840000, 3670
850000, 3540
860000, 3630
870000, 3599
880000, 3848
890000, 3678
900000, 3725
910000, 3763
920000, 3824
930000, 3852
940000, 3888
950000, 3925
960000, 3968
970000, 4369
980000, 4524
990000, 4144
1e+06, 4303
10000, 42
20000, 83
30000, 125
40000, 165
50000, 207
60000, 248
70000, 289
80000, 336
90000, 372
100000, 413
110000, 455
120000, 495
130000, 537
140000, 579
150000, 627
160000, 661
170000, 702
180000, 749
190000, 785
200000, 826
210000, 872
220000, 912
230000, 952
240000, 991
250000, 1040
260000, 1081
270000, 1115
280000, 1157
290000, 1200
300000, 1245
310000, 1285
320000, 1321
330000, 1363
340000, 1403
350000, 1445
360000, 1486
370000, 1540
380000, 1580
390000, 1620
400000, 1745
410000, 1693
420000, 1734
430000, 1775
440000, 2057
450000, 1863
460000, 1931
470000, 1952
480000, 1984
490000, 2023
500000, 2066
510000, 2105
520000, 2146
530000, 2188
540000, 2229
550000, 2272
560000, 2322
570000, 2520
580000, 2395
590000, 2436
600000, 2477
610000, 2518
620000, 2641
630000, 2611
640000, 2663
650000, 2693
660000, 2735
670000, 2777
680000, 2807
690000, 2853
700000, 2905
710000, 3150
720000, 2980
730000, 3259
740000, 3209
750000, 3096
760000, 3142
770000, 3183
780000, 3250
790000, 7543
800000, 3446
810000, 3351
820000, 3390
830000, 3482
840000, 3499
850000, 3528
860000, 3581
870000, 3597
880000, 3632
890000, 3678
900000, 3721
910000, 4063
920000, 3924
930000, 3897
940000, 3884
950000, 3931
960000, 3983
970000, 4011
980000, 4074
990000, 4133
1e+06, 4142
10000, 42
20000, 83
30000, 125
40000, 165
50000, 207
60000, 248
70000, 289
80000, 331
90000, 381
100000, 413
110000, 455
120000, 496
130000, 537
140000, 579
150000, 620
160000, 669
170000, 702
180000, 744
190000, 792
200000, 826
210000, 867
220000, 908
230000, 952
240000, 991
250000, 1032
260000, 1081
270000, 1124
280000, 1156
290000, 1201
300000, 1239
310000, 1290
320000, 1328
330000, 1363
340000, 1406
350000, 1445
360000, 1489
370000, 1547
380000, 1584
390000, 1610
400000, 1651
410000, 1692
420000, 1736
430000, 1780
440000, 1821
450000, 1865
460000, 1909
470000, 1953
480000, 1981
490000, 2023
500000, 2064
510000, 2106
520000, 2296
530000, 2289
540000, 2235
550000, 2280
560000, 2340
570000, 2582
580000, 2397
590000, 2435
600000, 2482
610000, 2523
620000, 2560
630000, 2910
640000, 2673
650000, 2696
660000, 2736
670000, 2775
680000, 2812
690000, 2858
700000, 2892
710000, 3001
720000, 2989
730000, 3017
740000, 3062
750000, 3101
760000, 3148
770000, 3218
780000, 3229
790000, 3294
800000, 3324
810000, 3354
820000, 3407
830000, 3436
840000, 3472
850000, 3514
860000, 3587
870000, 3822
880000, 3642
890000, 3674
900000, 3719
910000, 3761
920000, 3805
930000, 3863
940000, 3990
950000, 3930
960000, 4173
970000, 4009
980000, 4052
990000, 4190
1e+06, 4150
10000, 41
20000, 83
30000, 124
40000, 165
50000, 207
60000, 248
70000, 289
80000, 331
90000, 372
100000, 413
110000, 455
120000, 499
130000, 543
140000, 579
150000, 620
160000, 661
170000, 702
180000, 744
190000, 785
200000, 826
210000, 867
220000, 908
230000, 952
240000, 991
250000, 1040
260000, 1131
270000, 1132
280000, 1159
290000, 1219
300000, 1244
310000, 1289
320000, 1321
330000, 1441
340000, 1403
350000, 1456
360000, 1497
370000, 1537
380000, 1838
390000, 1619
400000, 1651
410000, 1693
420000, 1734
430000, 1776
440000, 1817
450000, 1857
460000, 1899
470000, 1949
480000, 2270
490000, 2054
500000, 2149
510000, 2105
520000, 2147
530000, 2194
540000, 2229
550000, 2270
560000, 2513
570000, 2421
580000, 2406
590000, 2455
600000, 2514
610000, 2518
620000, 2559
630000, 2601
640000, 2658
650000, 2694
660000, 2739
670000, 2766
680000, 2814
690000, 3059
700000, 2895
710000, 3146
720000, 2974
730000, 3471
740000, 3055
750000, 3106
760000, 3147
770000, 3188
780000, 3220
790000, 3271
800000, 3323
810000, 3404
820000, 3402
830000, 3437
840000, 3491
850000, 3517
860000, 3576
870000, 3598
880000, 3691
890000, 3689
900000, 3721
910000, 3768
920000, 3806
930000, 3851
940000, 3912
950000, 7388
960000, 3969
970000, 4013
980000, 4062
990000, 4098
1e+06, 4429
10000, 42
20000, 83
30000, 124
40000, 166
50000, 206
60000, 248
70000, 296
80000, 334
90000, 372
100000, 414
110000, 455
120000, 496
130000, 537
140000, 579
150000, 620
160000, 664
170000, 702
180000, 743
190000, 785
200000, 827
210000, 876
220000, 959
230000, 950
240000, 991
250000, 1056
260000, 1073
270000, 1115
280000, 1159
290000, 1205
300000, 1252
310000, 1280
320000, 1321
330000, 1374
340000, 1404
350000, 1451
360000, 1491
370000, 1539
380000, 1578
390000, 1610
400000, 1656
410000, 1862
420000, 1738
430000, 1784
440000, 1822
450000, 1873
460000, 1904
470000, 1948
480000, 1987
490000, 2030
500000, 2386
510000, 2136
520000, 2153
530000, 2191
540000, 2229
550000, 2271
560000, 2383
570000, 2522
580000, 2400
590000, 2471
600000, 2477
610000, 2571
620000, 2560
630000, 2601
640000, 2642
650000, 2844
660000, 2735
670000, 2800
680000, 2812
690000, 2857
700000, 2900
710000, 2942
720000, 2972
730000, 3021
740000, 3061
750000, 3129
760000, 3157
770000, 3192
780000, 3223
790000, 3270
800000, 3310
810000, 3556
820000, 3664
830000, 3448
840000, 3720
850000, 3740
860000, 3560
870000, 3603
880000, 3667
890000, 3693
900000, 3721
910000, 3793
920000, 3801
930000, 3844
940000, 3885
950000, 3998
960000, 4003
970000, 4013
980000, 4058
990000, 4096
1e+06, 4136
10000, 42
20000, 83
30000, 124
40000, 166
50000, 207
60000, 248
70000, 290
80000, 332
90000, 372
100000, 413
110000, 455
120000, 496
130000, 537
140000, 581
150000, 620
160000, 661
170000, 716
180000, 743
190000, 785
200000, 826
210000, 875
220000, 982
230000, 950
240000, 991
250000, 1038
260000, 1112
270000, 1115
280000, 1156
290000, 1206
300000, 1239
310000, 1296
320000, 1330
330000, 1371
340000, 1412
350000, 1448
360000, 1487
370000, 1527
380000, 1568
390000, 1610
400000, 1663
410000, 1712
420000, 1749
430000, 1781
440000, 1840
450000, 1863
460000, 1904
470000, 1945
480000, 1994
490000, 2033
500000, 2075
510000, 2182
520000, 3133
530000, 2194
540000, 2235
550000, 2495
560000, 2559
570000, 2523
580000, 2394
590000, 2458
600000, 2508
610000, 2536
620000, 2781
630000, 2605
640000, 2642
650000, 2690
660000, 2754
670000, 2779
680000, 2828
690000, 2858
700000, 2889
710000, 2931
720000, 2977
730000, 3021
740000, 3063
750000, 3120
760000, 3180
770000, 3186
780000, 3374
790000, 3266
800000, 3302
810000, 3348
820000, 3435
830000, 3445
840000, 3503
850000, 3514
860000, 3550
870000, 3808
880000, 3648
890000, 3978
900000, 3738
910000, 3762
920000, 3878
930000, 3978
940000, 3928
950000, 3963
960000, 3989
970000, 4012
980000, 4050
990000, 4315
1e+06, 4133
10000, 41
20000, 83
30000, 125
40000, 165
50000, 207
60000, 248
70000, 293
80000, 333
90000, 372
100000, 413
110000, 454
120000, 496
130000, 537
140000, 578
150000, 619
160000, 667
170000, 703
180000, 744
190000, 832
200000, 899
210000, 867
220000, 917
230000, 950
240000, 991
250000, 1032
260000, 1077
270000, 1115
280000, 1156
290000, 1197
300000, 1285
310000, 1295
320000, 1494
330000, 1366
340000, 1407
350000, 1448
360000, 1491
370000, 1532
380000, 1575
390000, 1686
400000, 1651
410000, 1693
420000, 1758
430000, 1778
440000, 1816
450000, 1857
460000, 1902
470000, 2163
480000, 1981
490000, 2023
500000, 2064
510000, 2108
520000, 2172
530000, 2195
540000, 2232
550000, 2286
560000, 2319
570000, 2359
580000, 2399
590000, 2441
600000, 2482
610000, 2553
620000, 2598
630000, 2605
640000, 2691
650000, 2683
660000, 2730
670000, 2772
680000, 2809
690000, 2883
700000, 2944
710000, 2943
720000, 3052
730000, 3022
740000, 3058
750000, 3096
760000, 3160
770000, 3245
780000, 3299
790000, 3269
800000, 3310
810000, 3349
820000, 3395
830000, 3712
840000, 3725
850000, 3557
860000, 3558
870000, 3596
880000, 3647
890000, 3712
900000, 3946
910000, 3794
920000, 3803
930000, 3842
940000, 3886
950000, 3927
960000, 4070
970000, 4054
980000, 4057
990000, 4098
1e+06, 4133
10000, 41
20000, 83
30000, 125
40000, 166
50000, 207
60000, 256
70000, 291
80000, 330
90000, 372
100000, 413
110000, 462
120000, 495
130000, 537
140000, 578
150000, 619
160000, 667
170000, 702
180000, 743
190000, 792
200000, 833
210000, 868
220000, 908
230000, 950
240000, 991
250000, 1043
260000, 1074
270000, 1115
280000, 1161
290000, 1198
300000, 1238
310000, 1290
320000, 1322
330000, 1373
340000, 1412
350000, 1451
360000, 1496
370000, 1527
380000, 1572
390000, 1610
400000, 1651
410000, 1701
420000, 1760
430000, 1782
440000, 1904
450000, 1868
460000, 1909
470000, 1948
480000, 1986
490000, 2030
500000, 2085
510000, 2129
520000, 2374
530000, 2191
540000, 2404
550000, 2277
560000, 2395
570000, 2358
580000, 2420
590000, 2445
600000, 2492
610000, 2534
620000, 2568
630000, 2611
640000, 2650
650000, 3041
660000, 2728
670000, 3079
680000, 2821
690000, 2854
700000, 2901
710000, 3292
720000, 3035
730000, 3018
740000, 3372
750000, 3122
760000, 3406
770000, 3189
780000, 3233
790000, 3273
800000, 3308
810000, 3355
820000, 3408
830000, 3440
840000, 3477
850000, 3518
860000, 3607
870000, 3591
880000, 3644
890000, 4018
900000, 3723
910000, 3765
920000, 3803
930000, 3842
940000, 3885
950000, 4069
960000, 4258
970000, 4019
980000, 4054
990000, 4091
1e+06, 4146
10000, 41
20000, 83
30000, 124
40000, 165
50000, 207
60000, 257
70000, 289
80000, 330
90000, 372
100000, 413
110000, 455
120000, 496
130000, 540
140000, 580
150000, 698
160000, 660
170000, 703
180000, 744
190000, 821
200000, 826
210000, 867
220000, 908
230000, 955
240000, 991
250000, 1033
260000, 1083
270000, 1114
280000, 1156
290000, 1197
300000, 1245
310000, 1286
320000, 1330
330000, 1916
340000, 1404
350000, 1467
360000, 1493
370000, 1534
380000, 1568
390000, 1610
400000, 1652
410000, 1848
420000, 1737
430000, 1817
440000, 1825
450000, 1868
460000, 1913
470000, 1951
480000, 1991
490000, 2037
500000, 2071
510000, 2110
520000, 2160
530000, 2460
540000, 2237
550000, 2270
560000, 2315
570000, 2352
580000, 2397
590000, 2479
600000, 2548
610000, 2519
620000, 2567
630000, 2608
640000, 2652
650000, 2692
660000, 2737
670000, 2789
680000, 2826
690000, 2860
700000, 3097
710000, 2935
720000, 2977
730000, 3019
740000, 3398
750000, 3142
760000, 3148
770000, 3215
780000, 3230
790000, 3378
800000, 3341
810000, 3365
820000, 3408
830000, 3429
840000, 3497
850000, 3529
860000, 3557
870000, 3596
880000, 3708
890000, 3679
900000, 3729
910000, 3768
920000, 3809
930000, 3848
940000, 3908
950000, 3943
960000, 3990
970000, 4011
980000, 4052
990000, 4319
1e+06, 4160
10000, 42
20000, 84
30000, 124
40000, 165
50000, 210
60000, 250
70000, 289
80000, 340
90000, 372
100000, 413
110000, 455
120000, 496
130000, 537
140000, 578
150000, 620
160000, 666
170000, 722
180000, 744
190000, 784
200000, 826
210000, 867
220000, 915
230000, 949
240000, 991
250000, 1038
260000, 1079
270000, 1132
280000, 1160
290000, 1197
300000, 1239
310000, 1286
320000, 1326
330000, 1362
340000, 1403
350000, 1445
360000, 1514
370000, 1536
380000, 1581
390000, 1625
400000, 1671
410000, 1693
420000, 1734
430000, 1775
440000, 1816
450000, 1858
460000, 1900
470000, 1962
480000, 1994
490000, 2035
500000, 2312
510000, 2105
520000, 2146
530000, 2192
540000, 2229
550000, 2282
560000, 2323
570000, 2361
580000, 2401
590000, 2440
600000, 2477
610000, 2518
620000, 2559
630000, 2606
640000, 2723
650000, 2971
660000, 2725
670000, 2933
680000, 2812
690000, 2853
700000, 2901
710000, 2938
720000, 2995
730000, 3025
740000, 3205
750000, 3112
760000, 3357
770000, 3179
780000, 3225
790000, 3287
800000, 3429
810000, 3358
820000, 3602
830000, 3519
840000, 3472
850000, 3517
860000, 3581
870000, 3614
880000, 3652
890000, 3679
900000, 3720
910000, 3970
920000, 3818
930000, 3948
940000, 3890
950000, 3931
960000, 3973
970000, 4013
980000, 4067
990000, 4107
1e+06, 4330
